{
  "$schema": "https://developer.microsoft.com/json-schemas/fabric/item/report/definition/visualContainer/2.1.0/schema.json",
  "name": "2ed3ed5f82e2b588bf0f",
  "position": {
    "x": 18.405005991212889,
    "y": 6.1350019970709635,
    "z": 5001,
    "height": 79.755025961922527,
    "width": 82.822526960458,
    "tabOrder": 5001
  },
  "visual": {
    "visualType": "image",
    "objects": {
      "general": [
        {
          "properties": {
            "imageUrl": {
              "expr": {
                "ResourcePackageItem": {
                  "PackageName": "RegisteredResources",
                  "PackageType": 1,
                  "ItemName": "Onyx_-_Royal_Blue_White_18863397688332825.png"
                }
              }
            }
          }
        }
      ]
    },
    "drillFilterOtherVisuals": true
  },
  "howCreated": "InsertVisualButton"
}