{
  "$schema": "https://developer.microsoft.com/json-schemas/fabric/item/report/definition/visualContainer/2.1.0/schema.json",
  "name": "6e95cd995ae270a45655",
  "position": {
    "x": 101.2275329516709,
    "y": 21.472506989748371,
    "z": 1000,
    "height": 59.816269471441892,
    "width": 450.92264678471577,
    "tabOrder": 1000
  },
  "visual": {
    "visualType": "textbox",
    "objects": {
      "general": [
        {
          "properties": {
            "paragraphs": [
              {
                "textRuns": [
                  {
                    "value": "Performance Analysis",
                    "textStyle": {
                      "fontFamily": "Arial Black",
                      "fontSize": "24pt"
                    }
                  }
                ]
              }
            ]
          }
        }
      ]
    },
    "visualContainerObjects": {
      "background": [
        {
          "properties": {
            "show": {
              "expr": {
                "Literal": {
                  "Value": "false"
                }
              }
            }
          }
        }
      ]
    },
    "drillFilterOtherVisuals": true
  }
}