{
  "$schema": "https://developer.microsoft.com/json-schemas/fabric/item/report/definition/report/2.1.0/schema.json",
  "themeCollection": {
    "baseTheme": {
      "name": "CY24SU10",
      "reportVersionAtImport": "5.60",
      "type": "SharedResources"
    },
    "customTheme": {
      "name": "Innovate8057516497932138.json",
      "reportVersionAtImport": "5.60",
      "type": "RegisteredResources"
    }
  },
  "objects": {
    "section": [
      {
        "properties": {
          "verticalAlignment": {
            "expr": {
              "Literal": {
                "Value": "'Top'"
              }
            }
          }
        }
      }
    ],
    "outspacePane": [
      {
        "properties": {
          "expanded": {
            "expr": {
              "Literal": {
                "Value": "false"
              }
            }
          }
        }
      }
    ]
  },
  "resourcePackages": [
    {
      "name": "SharedResources",
      "type": "SharedResources",
      "items": [
        {
          "name": "CY24SU10",
          "path": "BaseThemes/CY24SU10.json",
          "type": "BaseTheme"
        }
      ]
    },
    {
      "name": "RegisteredResources",
      "type": "RegisteredResources",
      "items": [
        {
          "name": "Innovate8057516497932138.json",
          "path": "Innovate8057516497932138.json",
          "type": "Image"
        },
        {
          "name": "Onyx_-_Royal_Blue_White_18863397688332825.png",
          "path": "Onyx_-_Royal_Blue_White_18863397688332825.png",
          "type": "Image"
        }
      ]
    }
  ],
  "settings": {
    "useStylableVisualContainerHeader": true,
    "defaultDrillFilterOtherVisuals": true,
    "allowChangeFilterTypes": true,
    "useEnhancedTooltips": true,
    "useDefaultAggregateDisplayName": true
  },
  "slowDataSourceSettings": {
    "isCrossHighlightingDisabled": false,
    "isSlicerSelectionsButtonEnabled": false,
    "isFilterSelectionsButtonEnabled": false,
    "isFieldWellButtonEnabled": false,
    "isApplyAllButtonEnabled": false
  }
}