{
  "$schema": "https://developer.microsoft.com/json-schemas/fabric/item/report/definition/visualContainer/2.1.0/schema.json",
  "name": "0c13b0a06ea4048e188e",
  "position": {
    "x": 572.0889362268673,
    "y": 12.270003994141927,
    "z": 0,
    "height": 65.951271468512857,
    "width": 590.49394221808018,
    "tabOrder": 0
  },
  "visual": {
    "visualType": "textbox",
    "objects": {
      "general": [
        {
          "properties": {
            "paragraphs": [
              {
                "textRuns": [
                  {
                    "value": "Primary Tables Log Files Trend",
                    "textStyle": {
                      "fontFamily": "Arial Black",
                      "fontSize": "32px"
                    }
                  }
                ]
              }
            ]
          }
        }
      ]
    },
    "visualContainerObjects": {
      "background": [
        {
          "properties": {
            "show": {
              "expr": {
                "Literal": {
                  "Value": "false"
                }
              }
            }
          }
        }
      ]
    },
    "drillFilterOtherVisuals": true
  }
}