{
  "$schema": "https://developer.microsoft.com/json-schemas/fabric/item/report/definition/visualContainer/2.1.0/schema.json",
  "name": "e81cb14d2550215e940d",
  "position": {
    "x": 101.2275329516709,
    "y": 24.540007988283854,
    "z": 4000,
    "height": 53.681267474370927,
    "width": 358.89761682865134,
    "tabOrder": 4000
  },
  "visual": {
    "visualType": "textbox",
    "objects": {
      "general": [
        {
          "properties": {
            "paragraphs": [
              {
                "textRuns": [
                  {
                    "value": "Performance Analysis",
                    "textStyle": {
                      "fontFamily": "Arial Black",
                      "fontSize": "20pt"
                    }
                  }
                ]
              }
            ]
          }
        }
      ]
    },
    "visualContainerObjects": {
      "background": [
        {
          "properties": {
            "show": {
              "expr": {
                "Literal": {
                  "Value": "false"
                }
              }
            }
          }
        }
      ]
    },
    "drillFilterOtherVisuals": true
  }
}