{
  "$schema": "https://developer.microsoft.com/json-schemas/fabric/item/report/definition/visualContainer/2.1.0/schema.json",
  "name": "061b41b28a592d7b7e93",
  "position": {
    "x": 820.55651710824134,
    "y": 9.2025029956064444,
    "z": 5006,
    "height": 84.356277459725746,
    "width": 470.86140327519644,
    "tabOrder": 5006
  },
  "visual": {
    "visualType": "slicer",
    "query": {
      "queryState": {
        "Values": {
          "projections": [
            {
              "field": {
                "Column": {
                  "Expression": {
                    "SourceRef": {
                      "Entity": "Maintenance_Performance"
                    }
                  },
                  "Property": "Dataset_Name"
                }
              },
              "queryRef": "Maintenance_Performance.Dataset_Name",
              "nativeQueryRef": "Dataset_Name",
              "active": true
            },
            {
              "field": {
                "Column": {
                  "Expression": {
                    "SourceRef": {
                      "Entity": "Maintenance_Performance"
                    }
                  },
                  "Property": "Report_Workspace"
                }
              },
              "queryRef": "Maintenance_Performance.Report_Workspace",
              "nativeQueryRef": "Report_Workspace",
              "active": true
            },
            {
              "field": {
                "Column": {
                  "Expression": {
                    "SourceRef": {
                      "Entity": "Maintenance_Performance"
                    }
                  },
                  "Property": "Report_Name"
                }
              },
              "queryRef": "Maintenance_Performance.Report_Name",
              "nativeQueryRef": "Report_Nam",
              "active": true,
              "displayName": "Report_Nam"
            }
          ]
        }
      }
    },
    "expansionStates": [
      {
        "roles": [
          "Values"
        ],
        "levels": [
          {
            "queryRefs": [
              "Maintenance_Performance.Dataset_Name"
            ],
            "isCollapsed": true,
            "identityKeys": [
              {
                "Column": {
                  "Expression": {
                    "SourceRef": {
                      "Entity": "Maintenance_Performance"
                    }
                  },
                  "Property": "Dataset_Name"
                }
              }
            ],
            "isPinned": true
          },
          {
            "queryRefs": [
              "Maintenance_Performance.Report_Workspace"
            ],
            "isCollapsed": true,
            "identityKeys": [
              {
                "Column": {
                  "Expression": {
                    "SourceRef": {
                      "Entity": "Maintenance_Performance"
                    }
                  },
                  "Property": "Report_Workspace"
                }
              }
            ],
            "isPinned": true
          },
          {
            "queryRefs": [
              "Maintenance_Performance.Report_Name"
            ],
            "isCollapsed": true,
            "isPinned": true
          }
        ],
        "root": {
          "children": [
            {
              "identityValues": [
                {
                  "Literal": {
                    "Value": "'Starlink Customer Portal'"
                  }
                }
              ],
              "isToggled": true,
              "children": [
                {
                  "identityValues": [
                    {
                      "Literal": {
                        "Value": "'StarlinkReports-Prod'"
                      }
                    }
                  ],
                  "isToggled": true
                }
              ]
            }
          ]
        }
      }
    ],
    "objects": {
      "data": [
        {
          "properties": {
            "mode": {
              "expr": {
                "Literal": {
                  "Value": "'Dropdown'"
                }
              }
            }
          }
        }
      ],
      "general": [
        {
          "properties": {
            "filter": {
              "filter": {
                "Version": 2,
                "From": [
                  {
                    "Name": "m",
                    "Entity": "Maintenance_Performance",
                    "Type": 0
                  }
                ],
                "Where": [
                  {
                    "Condition": {
                      "And": {
                        "Left": {
                          "In": {
                            "Expressions": [
                              {
                                "Column": {
                                  "Expression": {
                                    "SourceRef": {
                                      "Source": "m"
                                    }
                                  },
                                  "Property": "Dataset_Name"
                                }
                              }
                            ],
                            "Values": [
                              [
                                {
                                  "Literal": {
                                    "Value": "'Starlink Customer Portal'"
                                  }
                                }
                              ]
                            ]
                          }
                        },
                        "Right": {
                          "Not": {
                            "Expression": {
                              "In": {
                                "Expressions": [
                                  {
                                    "Column": {
                                      "Expression": {
                                        "SourceRef": {
                                          "Source": "m"
                                        }
                                      },
                                      "Property": "Dataset_Name"
                                    }
                                  },
                                  {
                                    "Column": {
                                      "Expression": {
                                        "SourceRef": {
                                          "Source": "m"
                                        }
                                      },
                                      "Property": "Report_Workspace"
                                    }
                                  }
                                ],
                                "Values": [
                                  [
                                    {
                                      "Literal": {
                                        "Value": "'Starlink Customer Portal'"
                                      }
                                    },
                                    {
                                      "Literal": {
                                        "Value": "null"
                                      }
                                    }
                                  ],
                                  [
                                    {
                                      "Literal": {
                                        "Value": "'Starlink Customer Portal'"
                                      }
                                    },
                                    {
                                      "Literal": {
                                        "Value": "'JimmySandbox'"
                                      }
                                    }
                                  ]
                                ]
                              }
                            }
                          }
                        }
                      }
                    },
                    "Annotations": {
                      "filterExpressionMetadata": {
                        "expressions": [
                          {
                            "Column": {
                              "Expression": {
                                "SourceRef": {
                                  "Entity": "Maintenance_Performance"
                                }
                              },
                              "Property": "Dataset_Name"
                            }
                          },
                          {
                            "Column": {
                              "Expression": {
                                "SourceRef": {
                                  "Entity": "Maintenance_Performance"
                                }
                              },
                              "Property": "Report_Workspace"
                            }
                          }
                        ],
                        "decomposedIdentities": {
                          "values": [
                            [
                              {
                                "0": [
                                  {
                                    "Literal": {
                                      "Value": "'Starlink Customer Portal'"
                                    }
                                  }
                                ]
                              }
                            ],
                            [
                              {
                                "0": [
                                  {
                                    "Literal": {
                                      "Value": "'Starlink Customer Portal'"
                                    }
                                  }
                                ]
                              },
                              {
                                "1": [
                                  {
                                    "Literal": {
                                      "Value": "null"
                                    }
                                  }
                                ]
                              }
                            ],
                            [
                              {
                                "0": [
                                  {
                                    "Literal": {
                                      "Value": "'Starlink Customer Portal'"
                                    }
                                  }
                                ]
                              },
                              {
                                "1": [
                                  {
                                    "Literal": {
                                      "Value": "'JimmySandbox'"
                                    }
                                  }
                                ]
                              }
                            ]
                          ],
                          "columns": [
                            {
                              "value": {
                                "Column": {
                                  "Expression": {
                                    "SourceRef": {
                                      "Entity": "Maintenance_Performance"
                                    }
                                  },
                                  "Property": "Dataset_Name"
                                }
                              }
                            },
                            {
                              "value": {
                                "Column": {
                                  "Expression": {
                                    "SourceRef": {
                                      "Entity": "Maintenance_Performance"
                                    }
                                  },
                                  "Property": "Report_Workspace"
                                }
                              }
                            }
                          ]
                        },
                        "valueMap": [
                          {
                            "0": "Starlink Customer Portal"
                          },
                          {
                            "0": "Starlink Customer Portal",
                            "1": "(Blank)"
                          },
                          {
                            "0": "Starlink Customer Portal",
                            "1": "JimmySandbox"
                          }
                        ]
                      }
                    }
                  }
                ]
              }
            }
          }
        }
      ],
      "selection": [
        {
          "properties": {
            "singleSelect": {
              "expr": {
                "Literal": {
                  "Value": "false"
                }
              }
            }
          }
        }
      ],
      "header": [
        {
          "properties": {
            "text": {
              "expr": {
                "Literal": {
                  "Value": "'Dataset , Workdpace & Report'"
                }
              }
            }
          }
        }
      ],
      "items": [
        {
          "properties": {
            "background": {
              "solid": {
                "color": {
                  "expr": {
                    "ThemeDataColor": {
                      "ColorId": 1,
                      "Percent": 0
                    }
                  }
                }
              }
            }
          }
        }
      ]
    },
    "visualContainerObjects": {
      "title": [
        {
          "properties": {
            "fontSize": {
              "expr": {
                "Literal": {
                  "Value": "11D"
                }
              }
            }
          }
        }
      ],
      "background": [
        {
          "properties": {
            "show": {
              "expr": {
                "Literal": {
                  "Value": "false"
                }
              }
            }
          }
        }
      ]
    },
    "drillFilterOtherVisuals": true
  }
}