{
  "$schema": "https://developer.microsoft.com/json-schemas/fabric/item/report/definition/visualContainer/2.1.0/schema.json",
  "name": "b38b99969202d47890ec",
  "position": {
    "x": 503.07016375981897,
    "y": 16.871255491945149,
    "z": 0,
    "height": 65.951271468512857,
    "width": 650.31021168952213,
    "tabOrder": 1000
  },
  "visual": {
    "visualType": "textbox",
    "objects": {
      "general": [
        {
          "properties": {
            "paragraphs": [
              {
                "textRuns": [
                  {
                    "value": "Secondary Tables Data Files Trend",
                    "textStyle": {
                      "fontFamily": "Arial Black",
                      "fontSize": "24pt"
                    }
                  }
                ]
              }
            ]
          }
        }
      ]
    },
    "visualContainerObjects": {
      "background": [
        {
          "properties": {
            "show": {
              "expr": {
                "Literal": {
                  "Value": "false"
                }
              }
            }
          }
        }
      ]
    },
    "drillFilterOtherVisuals": true
  }
}