{
  "$schema": "https://developer.microsoft.com/json-schemas/fabric/item/report/definition/visualContainer/2.1.0/schema.json",
  "name": "40ea1fec006d3e4b462b",
  "position": {
    "x": 630.37145519904141,
    "y": 13.803754493409667,
    "z": 1000,
    "height": 53.681267474370927,
    "width": 340.49261083743846,
    "tabOrder": 1000
  },
  "visual": {
    "visualType": "textbox",
    "objects": {
      "general": [
        {
          "properties": {
            "paragraphs": [
              {
                "textRuns": [
                  {
                    "value": "Table Size Analysis",
                    "textStyle": {
                      "fontFamily": "Arial Black",
                      "fontSize": "20pt"
                    }
                  }
                ]
              }
            ]
          }
        }
      ]
    },
    "visualContainerObjects": {
      "background": [
        {
          "properties": {
            "show": {
              "expr": {
                "Literal": {
                  "Value": "false"
                }
              }
            }
          }
        }
      ]
    },
    "drillFilterOtherVisuals": true
  }
}