{
  "$schema": "https://developer.microsoft.com/json-schemas/fabric/item/report/definition/page/2.0.0/schema.json",
  "name": "0774f2b137223389a33d",
  "displayName": "Secondary Tables Data Files Count",
  "displayOption": "FitToPage",
  "height": 900,
  "width": 1600,
  "objects": {
    "background": [
      {
        "properties": {
          "color": {
            "solid": {
              "color": {
                "expr": {
                  "ThemeDataColor": {
                    "ColorId": 1,
                    "Percent": 0
                  }
                }
              }
            }
          }
        }
      }
    ]
  }
}