{
  "$schema": "https://developer.microsoft.com/json-schemas/fabric/item/report/definition/visualContainer/2.1.0/schema.json",
  "name": "6f969d19d4c6aa0cc177",
  "position": {
    "x": 572.0889362268673,
    "y": 12.270003994141927,
    "z": 2000,
    "height": 70.552522966316076,
    "width": 618.10145120489949,
    "tabOrder": 2000
  },
  "visual": {
    "visualType": "textbox",
    "objects": {
      "general": [
        {
          "properties": {
            "paragraphs": [
              {
                "textRuns": [
                  {
                    "value": "Secondary Tables Log Files Trend",
                    "textStyle": {
                      "fontFamily": "Arial Black",
                      "fontSize": "32px"
                    }
                  }
                ]
              }
            ]
          }
        }
      ]
    },
    "visualContainerObjects": {
      "background": [
        {
          "properties": {
            "show": {
              "expr": {
                "Literal": {
                  "Value": "false"
                }
              }
            }
          }
        }
      ]
    },
    "drillFilterOtherVisuals": true
  }
}