{
  "$schema": "https://developer.microsoft.com/json-schemas/fabric/item/report/definition/visualContainer/2.1.0/schema.json",
  "name": "1ca4b82077c30d046aa8",
  "position": {
    "x": 1274.5466648914926,
    "y": 18.405005991212889,
    "z": 3000,
    "height": 64.417520969245118,
    "width": 300.61509785647718,
    "tabOrder": 3000
  },
  "visual": {
    "visualType": "slicer",
    "query": {
      "queryState": {
        "Values": {
          "projections": [
            {
              "field": {
                "Column": {
                  "Expression": {
                    "SourceRef": {
                      "Entity": "Maintenance_Performance"
                    }
                  },
                  "Property": "MaintenanceDate"
                }
              },
              "queryRef": "Maintenance_Performance.MaintenanceDate",
              "nativeQueryRef": "Select Previous Manitenance Date",
              "active": true,
              "displayName": "Select Previous Manitenance Date"
            }
          ]
        }
      },
      "sortDefinition": {
        "sort": [
          {
            "field": {
              "Column": {
                "Expression": {
                  "SourceRef": {
                    "Entity": "Maintenance_Performance"
                  }
                },
                "Property": "MaintenanceDate"
              }
            },
            "direction": "Descending"
          }
        ]
      }
    },
    "objects": {
      "data": [
        {
          "properties": {
            "mode": {
              "expr": {
                "Literal": {
                  "Value": "'Dropdown'"
                }
              }
            }
          }
        }
      ],
      "general": [
        {
          "properties": {
            "orientation": {
              "expr": {
                "Literal": {
                  "Value": "0D"
                }
              }
            },
            "filter": {
              "filter": {
                "Version": 2,
                "From": [
                  {
                    "Name": "m",
                    "Entity": "Maintenance_Performance",
                    "Type": 0
                  }
                ],
                "Where": [
                  {
                    "Condition": {
                      "In": {
                        "Expressions": [
                          {
                            "Column": {
                              "Expression": {
                                "SourceRef": {
                                  "Source": "m"
                                }
                              },
                              "Property": "MaintenanceDate"
                            }
                          }
                        ],
                        "Values": [
                          [
                            {
                              "Literal": {
                                "Value": "datetime'2025-01-21T00:00:00'"
                              }
                            }
                          ]
                        ]
                      }
                    }
                  }
                ]
              }
            }
          }
        }
      ]
    },
    "visualContainerObjects": {
      "background": [
        {
          "properties": {
            "show": {
              "expr": {
                "Literal": {
                  "Value": "false"
                }
              }
            }
          }
        }
      ]
    },
    "drillFilterOtherVisuals": true
  }
}