{
  "$schema": "https://developer.microsoft.com/json-schemas/fabric/item/report/definition/visualContainer/2.1.0/schema.json",
  "name": "e3c5745562181902e400",
  "position": {
    "x": 23.006257489016111,
    "y": 165.645053920916,
    "z": 4000,
    "height": 714.7277326587672,
    "width": 782.21275462654785,
    "tabOrder": 4000
  },
  "visual": {
    "visualType": "tableEx",
    "query": {
      "queryState": {
        "Values": {
          "projections": [
            {
              "field": {
                "Column": {
                  "Expression": {
                    "SourceRef": {
                      "Entity": "Maintenance_Performance"
                    }
                  },
                  "Property": "Query Position"
                }
              },
              "queryRef": "Sum(Maintenance_Performance.RowNum)",
              "nativeQueryRef": "Query Position"
            },
            {
              "field": {
                "Aggregation": {
                  "Expression": {
                    "Column": {
                      "Expression": {
                        "SourceRef": {
                          "Entity": "Maintenance_Performance"
                        }
                      },
                      "Property": "Metric"
                    }
                  },
                  "Function": 0
                }
              },
              "queryRef": "Sum(Maintenance_Performance.Metric)",
              "nativeQueryRef": "Metric",
              "displayName": "Metric"
            },
            {
              "field": {
                "Column": {
                  "Expression": {
                    "SourceRef": {
                      "Entity": "Maintenance_Performance"
                    }
                  },
                  "Property": "Dataset_Name"
                }
              },
              "queryRef": "Maintenance_Performance.Dataset_Name",
              "nativeQueryRef": "Dataset Name",
              "displayName": "Dataset Name"
            },
            {
              "field": {
                "Column": {
                  "Expression": {
                    "SourceRef": {
                      "Entity": "Maintenance_Performance"
                    }
                  },
                  "Property": "Report_Name"
                }
              },
              "queryRef": "Maintenance_Performance.Report_Name",
              "nativeQueryRef": "Report Name",
              "displayName": "Report Name"
            },
            {
              "field": {
                "Column": {
                  "Expression": {
                    "SourceRef": {
                      "Entity": "Maintenance_Performance"
                    }
                  },
                  "Property": "Report_Workspace"
                }
              },
              "queryRef": "Maintenance_Performance.Report_Workspace",
              "nativeQueryRef": "Report's Workspace",
              "displayName": "Report's Workspace"
            },
            {
              "field": {
                "Column": {
                  "Expression": {
                    "SourceRef": {
                      "Entity": "Maintenance_Performance"
                    }
                  },
                  "Property": "MaintenanceDate"
                }
              },
              "queryRef": "Maintenance_Performance.MaintenanceDate",
              "nativeQueryRef": "Maintenance Date",
              "displayName": "Maintenance Date"
            }
          ]
        }
      }
    },
    "objects": {
      "columnWidth": [
        {
          "properties": {
            "value": {
              "expr": {
                "Literal": {
                  "Value": "122.04834118155624D"
                }
              }
            }
          },
          "selector": {
            "metadata": "Maintenance_Performance.Dataset_Name"
          }
        },
        {
          "properties": {
            "value": {
              "expr": {
                "Literal": {
                  "Value": "121.37439826372457D"
                }
              }
            }
          },
          "selector": {
            "metadata": "Maintenance_Performance.Report_Name"
          }
        },
        {
          "properties": {
            "value": {
              "expr": {
                "Literal": {
                  "Value": "150.33837987382833D"
                }
              }
            }
          },
          "selector": {
            "metadata": "Maintenance_Performance.MaintenanceDate"
          }
        },
        {
          "properties": {
            "value": {
              "expr": {
                "Literal": {
                  "Value": "90.95796793352675D"
                }
              }
            }
          },
          "selector": {
            "metadata": "Sum(Maintenance_Performance.RowNum)"
          }
        },
        {
          "properties": {
            "value": {
              "expr": {
                "Literal": {
                  "Value": "157.6624964827601D"
                }
              }
            }
          },
          "selector": {
            "metadata": "Maintenance_Performance.Report_Workspace"
          }
        }
      ],
      "columnHeaders": [
        {
          "properties": {
            "fontSize": {
              "expr": {
                "Literal": {
                  "Value": "10D"
                }
              }
            },
            "fontColor": {
              "solid": {
                "color": {
                  "expr": {
                    "ThemeDataColor": {
                      "ColorId": 0,
                      "Percent": 0
                    }
                  }
                }
              }
            },
            "backColor": {
              "solid": {
                "color": {
                  "expr": {
                    "ThemeDataColor": {
                      "ColorId": 1,
                      "Percent": 0
                    }
                  }
                }
              }
            },
            "bold": {
              "expr": {
                "Literal": {
                  "Value": "true"
                }
              }
            }
          }
        }
      ],
      "values": [
        {
          "properties": {
            "fontSize": {
              "expr": {
                "Literal": {
                  "Value": "10D"
                }
              }
            },
            "backColorPrimary": {
              "solid": {
                "color": {
                  "expr": {
                    "ThemeDataColor": {
                      "ColorId": 1,
                      "Percent": 0
                    }
                  }
                }
              }
            },
            "backColorSecondary": {
              "solid": {
                "color": {
                  "expr": {
                    "ThemeDataColor": {
                      "ColorId": 1,
                      "Percent": 0
                    }
                  }
                }
              }
            }
          }
        }
      ],
      "grid": [
        {
          "properties": {
            "gridVertical": {
              "expr": {
                "Literal": {
                  "Value": "true"
                }
              }
            },
            "outlineColor": {
              "solid": {
                "color": {
                  "expr": {
                    "ThemeDataColor": {
                      "ColorId": 0,
                      "Percent": 0
                    }
                  }
                }
              }
            },
            "gridHorizontalColor": {
              "solid": {
                "color": {
                  "expr": {
                    "ThemeDataColor": {
                      "ColorId": 1,
                      "Percent": 0.1
                    }
                  }
                }
              }
            }
          }
        }
      ]
    },
    "visualContainerObjects": {
      "visualTooltip": [
        {
          "properties": {
            "show": {
              "expr": {
                "Literal": {
                  "Value": "true"
                }
              }
            }
          }
        }
      ],
      "background": [
        {
          "properties": {
            "show": {
              "expr": {
                "Literal": {
                  "Value": "false"
                }
              }
            }
          }
        }
      ],
      "border": [
        {
          "properties": {
            "show": {
              "expr": {
                "Literal": {
                  "Value": "true"
                }
              }
            },
            "radius": {
              "expr": {
                "Literal": {
                  "Value": "0D"
                }
              }
            }
          }
        }
      ],
      "dropShadow": [
        {
          "properties": {
            "show": {
              "expr": {
                "Literal": {
                  "Value": "true"
                }
              }
            },
            "color": {
              "solid": {
                "color": {
                  "expr": {
                    "ThemeDataColor": {
                      "ColorId": 0,
                      "Percent": -0.2
                    }
                  }
                }
              }
            },
            "preset": {
              "expr": {
                "Literal": {
                  "Value": "'BottomLeft'"
                }
              }
            }
          }
        }
      ],
      "title": [
        {
          "properties": {
            "show": {
              "expr": {
                "Literal": {
                  "Value": "true"
                }
              }
            },
            "text": {
              "expr": {
                "Literal": {
                  "Value": "'Performance Analysis with Latest Maintenance Date'"
                }
              }
            },
            "alignment": {
              "expr": {
                "Literal": {
                  "Value": "'center'"
                }
              }
            },
            "fontColor": {
              "solid": {
                "color": {
                  "expr": {
                    "ThemeDataColor": {
                      "ColorId": 0,
                      "Percent": 0
                    }
                  }
                }
              }
            },
            "background": {
              "solid": {
                "color": {
                  "expr": {
                    "ThemeDataColor": {
                      "ColorId": 1,
                      "Percent": 0.2
                    }
                  }
                }
              }
            }
          }
        }
      ]
    },
    "drillFilterOtherVisuals": true
  },
  "filterConfig": {
    "filters": [
      {
        "name": "085eaa9fd7ec9a0522cd",
        "field": {
          "Column": {
            "Expression": {
              "SourceRef": {
                "Entity": "Maintenance_Performance"
              }
            },
            "Property": "Query Position"
          }
        },
        "type": "Advanced"
      },
      {
        "name": "c2585e9893994ac00a95",
        "field": {
          "Aggregation": {
            "Expression": {
              "Column": {
                "Expression": {
                  "SourceRef": {
                    "Entity": "Maintenance_Performance"
                  }
                },
                "Property": "Metric"
              }
            },
            "Function": 0
          }
        },
        "type": "Advanced"
      },
      {
        "name": "e5ab75ab242b5e77592a",
        "field": {
          "Column": {
            "Expression": {
              "SourceRef": {
                "Entity": "Maintenance_Performance"
              }
            },
            "Property": "Dataset_Name"
          }
        },
        "type": "Categorical"
      },
      {
        "name": "5e1bdbe52937cd41b201",
        "field": {
          "Column": {
            "Expression": {
              "SourceRef": {
                "Entity": "Maintenance_Performance"
              }
            },
            "Property": "Report_Name"
          }
        },
        "type": "Categorical"
      },
      {
        "name": "5db3b320ca7b4b1b7b1a",
        "field": {
          "Column": {
            "Expression": {
              "SourceRef": {
                "Entity": "Maintenance_Performance"
              }
            },
            "Property": "Report_Workspace"
          }
        },
        "type": "Categorical"
      },
      {
        "name": "bc63d7cb53a10e5e3660",
        "field": {
          "Column": {
            "Expression": {
              "SourceRef": {
                "Entity": "Maintenance_Performance"
              }
            },
            "Property": "MaintenanceDate"
          }
        },
        "type": "Categorical"
      }
    ]
  }
}