{
  "$schema": "https://developer.microsoft.com/json-schemas/fabric/item/report/definition/visualContainer/2.1.0/schema.json",
  "name": "3a7dcdcf011e82660079",
  "position": {
    "x": 829.75902010384777,
    "y": 165.645053920916,
    "z": 5000,
    "height": 714.7277326587672,
    "width": 756.13899613899616,
    "tabOrder": 5000
  },
  "visual": {
    "visualType": "tableEx",
    "query": {
      "queryState": {
        "Values": {
          "projections": [
            {
              "field": {
                "Column": {
                  "Expression": {
                    "SourceRef": {
                      "Entity": "Maintenance_Performance"
                    }
                  },
                  "Property": "Query Position"
                }
              },
              "queryRef": "Sum(Maintenance_Performance.RowNum)",
              "nativeQueryRef": "Query Position"
            },
            {
              "field": {
                "Aggregation": {
                  "Expression": {
                    "Column": {
                      "Expression": {
                        "SourceRef": {
                          "Entity": "Maintenance_Performance"
                        }
                      },
                      "Property": "Metric"
                    }
                  },
                  "Function": 0
                }
              },
              "queryRef": "Sum(Maintenance_Performance.Metric)",
              "nativeQueryRef": "Metric",
              "displayName": "Metric"
            },
            {
              "field": {
                "Column": {
                  "Expression": {
                    "SourceRef": {
                      "Entity": "Maintenance_Performance"
                    }
                  },
                  "Property": "Dataset_Name"
                }
              },
              "queryRef": "Maintenance_Performance.Dataset_Name",
              "nativeQueryRef": "Dataset Name",
              "displayName": "Dataset Name"
            },
            {
              "field": {
                "Column": {
                  "Expression": {
                    "SourceRef": {
                      "Entity": "Maintenance_Performance"
                    }
                  },
                  "Property": "Report_Name"
                }
              },
              "queryRef": "Maintenance_Performance.Report_Name",
              "nativeQueryRef": "Report Name",
              "displayName": "Report Name"
            },
            {
              "field": {
                "Column": {
                  "Expression": {
                    "SourceRef": {
                      "Entity": "Maintenance_Performance"
                    }
                  },
                  "Property": "Report_Workspace"
                }
              },
              "queryRef": "Maintenance_Performance.Report_Workspace",
              "nativeQueryRef": "Report's Workspace",
              "displayName": "Report's Workspace"
            },
            {
              "field": {
                "Column": {
                  "Expression": {
                    "SourceRef": {
                      "Entity": "Maintenance_Performance"
                    }
                  },
                  "Property": "MaintenanceDate"
                }
              },
              "queryRef": "Maintenance_Performance.MaintenanceDate",
              "nativeQueryRef": "Maintenance Date",
              "displayName": "Maintenance Date"
            }
          ]
        }
      }
    },
    "objects": {
      "columnWidth": [
        {
          "properties": {
            "value": {
              "expr": {
                "Literal": {
                  "Value": "112.78530087649659D"
                }
              }
            }
          },
          "selector": {
            "metadata": "Maintenance_Performance.Dataset_Name"
          }
        },
        {
          "properties": {
            "value": {
              "expr": {
                "Literal": {
                  "Value": "121.37439826372457D"
                }
              }
            }
          },
          "selector": {
            "metadata": "Maintenance_Performance.Report_Name"
          }
        },
        {
          "properties": {
            "value": {
              "expr": {
                "Literal": {
                  "Value": "142.68883853035737D"
                }
              }
            }
          },
          "selector": {
            "metadata": "Maintenance_Performance.MaintenanceDate"
          }
        },
        {
          "properties": {
            "value": {
              "expr": {
                "Literal": {
                  "Value": "90.95796793352675D"
                }
              }
            }
          },
          "selector": {
            "metadata": "Sum(Maintenance_Performance.RowNum)"
          }
        },
        {
          "properties": {
            "value": {
              "expr": {
                "Literal": {
                  "Value": "160.75356307260375D"
                }
              }
            }
          },
          "selector": {
            "metadata": "Maintenance_Performance.Report_Workspace"
          }
        },
        {
          "properties": {
            "value": {
              "expr": {
                "Literal": {
                  "Value": "92.70716592246998D"
                }
              }
            }
          },
          "selector": {
            "metadata": "Sum(Maintenance_Performance.Metric)"
          }
        }
      ],
      "columnHeaders": [
        {
          "properties": {
            "fontSize": {
              "expr": {
                "Literal": {
                  "Value": "10D"
                }
              }
            },
            "bold": {
              "expr": {
                "Literal": {
                  "Value": "true"
                }
              }
            },
            "fontColor": {
              "solid": {
                "color": {
                  "expr": {
                    "ThemeDataColor": {
                      "ColorId": 0,
                      "Percent": 0
                    }
                  }
                }
              }
            },
            "backColor": {
              "solid": {
                "color": {
                  "expr": {
                    "ThemeDataColor": {
                      "ColorId": 1,
                      "Percent": 0
                    }
                  }
                }
              }
            }
          }
        }
      ],
      "values": [
        {
          "properties": {
            "fontSize": {
              "expr": {
                "Literal": {
                  "Value": "10D"
                }
              }
            },
            "backColorPrimary": {
              "solid": {
                "color": {
                  "expr": {
                    "ThemeDataColor": {
                      "ColorId": 1,
                      "Percent": 0
                    }
                  }
                }
              }
            },
            "backColorSecondary": {
              "solid": {
                "color": {
                  "expr": {
                    "ThemeDataColor": {
                      "ColorId": 1,
                      "Percent": 0
                    }
                  }
                }
              }
            }
          }
        }
      ],
      "grid": [
        {
          "properties": {
            "outlineColor": {
              "solid": {
                "color": {
                  "expr": {
                    "ThemeDataColor": {
                      "ColorId": 0,
                      "Percent": 0
                    }
                  }
                }
              }
            },
            "gridVertical": {
              "expr": {
                "Literal": {
                  "Value": "true"
                }
              }
            },
            "gridHorizontalColor": {
              "solid": {
                "color": {
                  "expr": {
                    "ThemeDataColor": {
                      "ColorId": 1,
                      "Percent": 0.1
                    }
                  }
                }
              }
            }
          }
        }
      ]
    },
    "visualContainerObjects": {
      "visualTooltip": [
        {
          "properties": {
            "show": {
              "expr": {
                "Literal": {
                  "Value": "true"
                }
              }
            }
          }
        }
      ],
      "background": [
        {
          "properties": {
            "show": {
              "expr": {
                "Literal": {
                  "Value": "false"
                }
              }
            },
            "color": {
              "solid": {
                "color": {
                  "expr": {
                    "Literal": {
                      "Value": "'#3a3a3a'"
                    }
                  }
                }
              }
            },
            "transparency": {
              "expr": {
                "Literal": {
                  "Value": "0D"
                }
              }
            }
          }
        }
      ],
      "title": [
        {
          "properties": {
            "titleWrap": {
              "expr": {
                "Literal": {
                  "Value": "true"
                }
              }
            },
            "show": {
              "expr": {
                "Literal": {
                  "Value": "true"
                }
              }
            },
            "text": {
              "expr": {
                "Literal": {
                  "Value": "'Performance Analysis with Latest Previous Date'"
                }
              }
            },
            "alignment": {
              "expr": {
                "Literal": {
                  "Value": "'center'"
                }
              }
            },
            "fontColor": {
              "solid": {
                "color": {
                  "expr": {
                    "ThemeDataColor": {
                      "ColorId": 0,
                      "Percent": 0
                    }
                  }
                }
              }
            },
            "background": {
              "solid": {
                "color": {
                  "expr": {
                    "ThemeDataColor": {
                      "ColorId": 1,
                      "Percent": 0.2
                    }
                  }
                }
              }
            }
          }
        }
      ],
      "border": [
        {
          "properties": {
            "width": {
              "expr": {
                "Literal": {
                  "Value": "1D"
                }
              }
            },
            "show": {
              "expr": {
                "Literal": {
                  "Value": "true"
                }
              }
            },
            "radius": {
              "expr": {
                "Literal": {
                  "Value": "0D"
                }
              }
            }
          }
        }
      ],
      "visualHeader": [
        {
          "properties": {
            "background": {
              "solid": {
                "color": {
                  "expr": {
                    "Literal": {
                      "Value": "'#3a3a3a'"
                    }
                  }
                }
              }
            },
            "border": {
              "solid": {
                "color": {
                  "expr": {
                    "Literal": {
                      "Value": "'#3a3a3a'"
                    }
                  }
                }
              }
            },
            "foreground": {
              "solid": {
                "color": {
                  "expr": {
                    "Literal": {
                      "Value": "'#FFFFFF'"
                    }
                  }
                }
              }
            }
          }
        }
      ],
      "dropShadow": [
        {
          "properties": {
            "show": {
              "expr": {
                "Literal": {
                  "Value": "true"
                }
              }
            },
            "color": {
              "solid": {
                "color": {
                  "expr": {
                    "ThemeDataColor": {
                      "ColorId": 0,
                      "Percent": -0.2
                    }
                  }
                }
              }
            },
            "preset": {
              "expr": {
                "Literal": {
                  "Value": "'BottomLeft'"
                }
              }
            }
          }
        }
      ]
    },
    "drillFilterOtherVisuals": true
  },
  "filterConfig": {
    "filters": [
      {
        "name": "8963ef8c7e4d64cbabe0",
        "field": {
          "Column": {
            "Expression": {
              "SourceRef": {
                "Entity": "Maintenance_Performance"
              }
            },
            "Property": "Query Position"
          }
        },
        "type": "Advanced"
      },
      {
        "name": "f79adcdbd4c16e832537",
        "field": {
          "Aggregation": {
            "Expression": {
              "Column": {
                "Expression": {
                  "SourceRef": {
                    "Entity": "Maintenance_Performance"
                  }
                },
                "Property": "Metric"
              }
            },
            "Function": 0
          }
        },
        "type": "Advanced"
      },
      {
        "name": "bf4e484061409887074e",
        "field": {
          "Column": {
            "Expression": {
              "SourceRef": {
                "Entity": "Maintenance_Performance"
              }
            },
            "Property": "Dataset_Name"
          }
        },
        "type": "Categorical"
      },
      {
        "name": "d718916be71c9da402c1",
        "field": {
          "Column": {
            "Expression": {
              "SourceRef": {
                "Entity": "Maintenance_Performance"
              }
            },
            "Property": "Report_Name"
          }
        },
        "type": "Categorical"
      },
      {
        "name": "a417be4050d8da0ea654",
        "field": {
          "Column": {
            "Expression": {
              "SourceRef": {
                "Entity": "Maintenance_Performance"
              }
            },
            "Property": "Report_Workspace"
          }
        },
        "type": "Categorical"
      },
      {
        "name": "5629d7af3c0ec1d0c885",
        "field": {
          "Column": {
            "Expression": {
              "SourceRef": {
                "Entity": "Maintenance_Performance"
              }
            },
            "Property": "MaintenanceDate"
          }
        },
        "type": "Categorical"
      }
    ]
  }
}